[
  {
    "id": "1",
    "slug": "ai-customer-service-revolution-2026",
    "titleEn": "The AI Customer Service Revolution: How Chatbots Are Transforming Business in 2026",
    "titleAr": "ثورة خدمة العملاء بالذكاء الاصطناعي: كيف تُحدث الشات بوتات تحولاً في الأعمال في 2026",
    "excerptEn": "Discover how AI-powered chatbots are revolutionizing customer service, reducing costs by 30%, and increasing customer satisfaction by 45%. Learn the latest trends and strategies for 2026.",
    "excerptAr": "اكتشف كيف تُحدث روبوتات الدردشة المدعومة بالذكاء الاصطناعي ثورة في خدمة العملاء، وتقلل التكاليف بنسبة 30٪، وتزيد من رضا العملاء بنسبة 45٪. تعرف على أحدث الاتجاهات والاستراتيجيات لعام 2026.",
    "category": "AI & Technology",
    "categoryAr": "الذكاء الاصطناعي والتكنولوجيا",
    "author": "DK-OctoBot Team",
    "authorAr": "فريق DK-OctoBot",
    "publishDate": "2026-02-01",
    "readTime": 12,
    "image": "https://images.unsplash.com/photo-1531746790731-6c087fecd65a?w=1200&h=630&fit=crop",
    "tags": ["AI", "Customer Service", "Chatbots", "Business Automation", "Digital Transformation"],
    "tagsAr": ["الذكاء الاصطناعي", "خدمة العملاء", "روبوتات الدردشة", "أتمتة الأعمال", "التحول الرقمي"],
    "featured": true
  },
  {
    "id": "2",
    "slug": "10-proven-strategies-boost-sales-chatbots",
    "titleEn": "10 Proven Strategies to Boost Sales by 200% Using AI Chatbots",
    "titleAr": "10 استراتيجيات مثبتة لزيادة المبيعات بنسبة 200٪ باستخدام روبوتات الدردشة",
    "excerptEn": "Learn the exact strategies top companies use to triple their sales with AI chatbots. Includes real examples, conversion tactics, and implementation roadmap that deliver results.",
    "excerptAr": "تعلم الاستراتيجيات الدقيقة التي تستخدمها الشركات الكبرى لمضاعفة مبيعاتها ثلاث مرات باستخدام روبوتات الدردشة بالذكاء الاصطناعي. يتضمن أمثلة حقيقية وتكتيكات التحويل.",
    "category": "Sales & Marketing",
    "categoryAr": "المبيعات والتسويق",
    "author": "DK-OctoBot Team",
    "authorAr": "فريق DK-OctoBot",
    "publishDate": "2026-01-28",
    "readTime": 15,
    "image": "https://images.unsplash.com/photo-1460925895917-afdab827c52f?w=1200&h=630&fit=crop",
    "tags": ["Sales", "Conversion Optimization", "Marketing Strategy", "ROI", "E-commerce"],
    "tagsAr": ["المبيعات", "تحسين التحويل", "استراتيجية التسويق", "عائد الاستثمار", "التجارة الإلكترونية"],
    "featured": true
  },
  {
    "id": "3",
    "slug": "chatbot-roi-calculator-guide",
    "titleEn": "The Complete ROI Guide: How Much Money Will an AI Chatbot Save Your Business?",
    "titleAr": "دليل عائد الاستثمار الكامل: كم من المال سيوفر روبوت الدردشة لعملك؟",
    "excerptEn": "Calculate the exact ROI of implementing an AI chatbot. Includes cost breakdown, savings calculator, and real case studies showing 300-500% ROI in the first year.",
    "excerptAr": "احسب عائد الاستثمار الدقيق لتنفيذ روبوت دردشة بالذكاء الاصطناعي. يتضمن تفصيل التكاليف وحاسبة التوفير ودراسات حالة حقيقية تظهر عائد استثمار 300-500٪.",
    "category": "Business Strategy",
    "categoryAr": "استراتيجية الأعمال",
    "author": "DK-OctoBot Team",
    "authorAr": "فريق DK-OctoBot",
    "publishDate": "2026-01-25",
    "readTime": 18,
    "image": "https://images.unsplash.com/photo-1554224155-8d04cb21cd6c?w=1200&h=630&fit=crop",
    "tags": ["ROI", "Business Finance", "Cost Savings", "Investment", "Analytics"],
    "tagsAr": ["عائد الاستثمار", "تمويل الأعمال", "توفير التكاليف", "الاستثمار", "التحليلات"],
    "featured": true
  },
  {
    "id": "4",
    "slug": "whatsapp-business-automation-guide",
    "titleEn": "WhatsApp Business Automation: Complete Guide to Scaling Customer Communication",
    "titleAr": "أتمتة واتساب للأعمال: الدليل الكامل لتوسيع نطاق التواصل مع العملاء",
    "excerptEn": "Master WhatsApp Business API automation. Learn how to handle thousands of customer conversations, automate responses, and increase sales through the world's most popular messaging app.",
    "excerptAr": "أتقن أتمتة واجهة برمجة تطبيقات واتساب للأعمال. تعلم كيفية التعامل مع آلاف محادثات العملاء وأتمتة الردود وزيادة المبيعات من خلال تطبيق المراسلة الأكثر شعبية في العالم.",
    "category": "Platform Integration",
    "categoryAr": "تكامل المنصات",
    "author": "DK-OctoBot Team",
    "authorAr": "فريق DK-OctoBot",
    "publishDate": "2026-01-22",
    "readTime": 14,
    "image": "https://images.unsplash.com/photo-1611746872915-64382b5c76da?w=1200&h=630&fit=crop",
    "tags": ["WhatsApp", "Messaging", "Automation", "Customer Communication", "Mobile Marketing"],
    "tagsAr": ["واتساب", "المراسلة", "الأتمتة", "التواصل مع العملاء", "التسويق عبر الجوال"],
    "featured": false
  },
  {
    "id": "5",
    "slug": "facebook-messenger-marketing-strategies",
    "titleEn": "Facebook Messenger Marketing: 7 Strategies That Convert Browsers into Buyers",
    "titleAr": "التسويق عبر ماسنجر فيسبوك: 7 استراتيجيات تحول المتصفحين إلى مشترين",
    "excerptEn": "Unlock the power of Facebook Messenger for sales and marketing. Discover proven strategies for lead generation, customer engagement, and conversion optimization on Messenger.",
    "excerptAr": "أطلق العنان لقوة ماسنجر فيسبوك للمبيعات والتسويق. اكتشف استراتيجيات مثبتة لتوليد العملاء المحتملين والتفاعل مع العملاء وتحسين التحويل على ماسنجر.",
    "category": "Social Media Marketing",
    "categoryAr": "التسويق عبر وسائل التواصل الاجتماعي",
    "author": "DK-OctoBot Team",
    "authorAr": "فريق DK-OctoBot",
    "publishDate": "2026-01-20",
    "readTime": 11,
    "image": "https://images.unsplash.com/photo-1611162617474-5b21e879e113?w=1200&h=630&fit=crop",
    "tags": ["Facebook", "Messenger", "Social Media", "Lead Generation", "Conversion"],
    "tagsAr": ["فيسبوك", "ماسنجر", "وسائل التواصل الاجتماعي", "توليد العملاء المحتملين", "التحويل"],
    "featured": false
  },
  {
    "id": "6",
    "slug": "instagram-dm-automation-sales",
    "titleEn": "Instagram DM Automation: Turn Your Instagram Into a 24/7 Sales Machine",
    "titleAr": "أتمتة الرسائل المباشرة على إنستغرام: حول إنستغرام إلى آلة مبيعات تعمل على مدار الساعة",
    "excerptEn": "Learn how to automate Instagram Direct Messages to capture leads, answer questions, and close sales while you sleep. Complete guide with real examples and best practices.",
    "excerptAr": "تعلم كيفية أتمتة الرسائل المباشرة على إنستغرام لالتقاط العملاء المحتملين والإجابة على الأسئلة وإتمام المبيعات أثناء نومك. دليل كامل مع أمثلة حقيقية وأفضل الممارسات.",
    "category": "Social Media Marketing",
    "categoryAr": "التسويق عبر وسائل التواصل الاجتماعي",
    "author": "DK-OctoBot Team",
    "authorAr": "فريق DK-OctoBot",
    "publishDate": "2026-01-18",
    "readTime": 10,
    "image": "https://images.unsplash.com/photo-1611162616305-c69b3fa7fbe0?w=1200&h=630&fit=crop",
    "tags": ["Instagram", "DM Automation", "Social Selling", "E-commerce", "Visual Marketing"],
    "tagsAr": ["إنستغرام", "أتمتة الرسائل", "البيع الاجتماعي", "التجارة الإلكترونية", "التسويق المرئي"],
    "featured": false
  },
  {
    "id": "7",
    "slug": "customer-engagement-strategies-2026",
    "titleEn": "Customer Engagement Strategies That Actually Work in 2026",
    "titleAr": "استراتيجيات التفاعل مع العملاء التي تعمل فعلاً في 2026",
    "excerptEn": "Modern customers expect personalized, instant interactions. Discover the engagement strategies that build loyalty, increase retention, and drive revenue in today's competitive market.",
    "excerptAr": "يتوقع العملاء المعاصرون تفاعلات مخصصة وفورية. اكتشف استراتيجيات التفاعل التي تبني الولاء وتزيد الاحتفاظ وتدفع الإيرادات في سوق اليوم التنافسي.",
    "category": "Customer Experience",
    "categoryAr": "تجربة العملاء",
    "author": "DK-OctoBot Team",
    "authorAr": "فريق DK-OctoBot",
    "publishDate": "2026-01-15",
    "readTime": 13,
    "image": "https://images.unsplash.com/photo-1556761175-b413da4baf72?w=1200&h=630&fit=crop",
    "tags": ["Customer Engagement", "Retention", "Loyalty", "CX", "Personalization"],
    "tagsAr": ["التفاعل مع العملاء", "الاحتفاظ", "الولاء", "تجربة العملاء", "التخصيص"],
    "featured": false
  },
  {
    "id": "8",
    "slug": "multilingual-chatbot-best-practices",
    "titleEn": "Multilingual Chatbots: Best Practices for Arabic and English Customer Service",
    "titleAr": "روبوتات الدردشة متعددة اللغات: أفضل الممارسات لخدمة العملاء بالعربية والإنجليزية",
    "excerptEn": "Serving customers in multiple languages is essential for Middle East businesses. Learn how to build chatbots that handle Arabic and English with cultural sensitivity and accuracy.",
    "excerptAr": "خدمة العملاء بلغات متعددة ضرورية لشركات الشرق الأوسط. تعلم كيفية بناء روبوتات دردشة تتعامل مع العربية والإنجليزية بحساسية ثقافية ودقة.",
    "category": "Localization",
    "categoryAr": "التعريب",
    "author": "DK-OctoBot Team",
    "authorAr": "فريق DK-OctoBot",
    "publishDate": "2026-01-12",
    "readTime": 9,
    "image": "https://images.unsplash.com/photo-1523289333742-be1143f6b766?w=1200&h=630&fit=crop",
    "tags": ["Multilingual", "Arabic", "Localization", "Cultural Adaptation", "Middle East"],
    "tagsAr": ["متعدد اللغات", "العربية", "التعريب", "التكيف الثقافي", "الشرق الأوسط"],
    "featured": false
  }
]
